SIM_ID,WEEK,OBS,REGIME,SIM_WK_REG_ID,OUTPUT,VALUE,PREV_REGIME,WTD_RET,RANK_RET,WTD_RET_ZSCORE,WTD_RET_MINMAXSCALE,D_RET
1,1,0,3,1 - 1 - 3,PRICE_0,97,3,0,0,,,0
1,1,1,3,1 - 1 - 3,PRICE_1,77,3,-0.206185567,4,-0.188380429,0.19047619,-0.206185567
1,1,2,3,1 - 1 - 3,PRICE_2,73,3,-0.24742268,7,-0.323339543,0.152380952,-0.051948052
1,1,3,3,1 - 1 - 3,PRICE_3,70,3,-0.278350515,8,-0.424558878,0.123809524,-0.04109589
1,1,4,3,1 - 1 - 3,PRICE_4,66,3,-0.319587629,9,-0.559517991,0.085714286,-0.057142857
1,1,5,3,1 - 1 - 3,PRICE_5,63,3,-0.350515464,10,-0.660737326,0.057142857,-0.045454545
1,1,6,3,1 - 1 - 3,PRICE_6,111,3,0.144329897,2,0.958772035,0.514285714,0.761904762
1,1,7,3,1 - 1 - 3,PRICE_7,101,3,0.041237113,3,0.621374252,0.419047619,-0.09009009
1,1,8,3,1 - 1 - 3,PRICE_8,57,3,-0.412371134,12,-0.863175997,0,-0.435643564
1,1,9,3,1 - 1 - 3,PRICE_9,162,3,0.670103093,1,2.679500732,1,1.842105263
1,1,10,3,1 - 1 - 3,PRICE_10,60,3,-0.381443299,11,-0.761956662,0.028571429,-0.62962963
1,1,11,3,1 - 1 - 3,PRICE_11,77,3,-0.206185567,4,-0.188380429,0.19047619,0.283333333
1,1,12,3,1 - 1 - 3,PRICE_12,74,3,-0.237113402,6,-0.289599764,0.161904762,-0.038961039
1,2,0,0,1 - 2 - 0,PRICE_0,93,3,0,0,,,0
1,2,1,0,1 - 2 - 0,PRICE_1,113,3,0.215053763,3,0.919769855,0.797619048,0.215053763
1,2,2,0,1 - 2 - 0,PRICE_2,102,3,0.096774194,5,0.535562194,0.666666667,-0.097345133
1,2,3,0,1 - 2 - 0,PRICE_3,130,3,0.397849462,1,1.513545331,1,0.274509804
1,2,4,0,1 - 2 - 0,PRICE_4,104,3,0.11827957,4,0.605418133,0.69047619,-0.2
1,2,5,0,1 - 2 - 0,PRICE_5,119,3,0.279569892,2,1.12933767,0.869047619,0.144230769
1,2,6,0,1 - 2 - 0,PRICE_6,98,3,0.053763441,6,0.395850317,0.619047619,-0.176470588
1,2,7,0,1 - 2 - 0,PRICE_7,63,3,-0.322580645,8,-0.826628604,0.202380952,-0.357142857
1,2,8,0,1 - 2 - 0,PRICE_8,56,3,-0.397849462,10,-1.071124388,0.119047619,-0.111111111
1,2,9,0,1 - 2 - 0,PRICE_9,91,3,-0.021505376,7,0.151354533,0.535714286,0.625
1,2,10,0,1 - 2 - 0,PRICE_10,63,3,-0.322580645,8,-0.826628604,0.202380952,-0.307692308
1,2,11,0,1 - 2 - 0,PRICE_11,55,3,-0.408602151,11,-1.106052358,0.107142857,-0.126984127
1,2,12,0,1 - 2 - 0,PRICE_12,46,3,-0.505376344,12,-1.42040408,0,-0.163636364
1,3,0,0,1 - 3 - 0,PRICE_0,108,0,0,0,,,0
1,3,1,0,1 - 3 - 0,PRICE_1,147,0,0.361111111,3,1.299909735,0.975,0.361111111
1,3,2,0,1 - 3 - 0,PRICE_2,80,0,-0.259259259,8,-0.863915166,0.1375,-0.455782313
1,3,3,0,1 - 3 - 0,PRICE_3,74,0,-0.314814815,11,-1.05769053,0.0625,-0.075
1,3,4,0,1 - 3 - 0,PRICE_4,69,0,-0.361111111,12,-1.21917,0,-0.067567568
1,3,5,0,1 - 3 - 0,PRICE_5,104,0,-0.037037037,7,-0.088813709,0.4375,0.507246377
1,3,6,0,1 - 3 - 0,PRICE_6,149,0,0.37962963,1,1.364501523,1,0.432692308
1,3,7,0,1 - 3 - 0,PRICE_7,118,0,0.092592593,5,0.363328808,0.6125,-0.208053691
1,3,8,0,1 - 3 - 0,PRICE_8,149,0,0.37962963,1,1.364501523,1,0.262711864
1,3,9,0,1 - 3 - 0,PRICE_9,80,0,-0.259259259,8,-0.863915166,0.1375,-0.463087248
1,3,10,0,1 - 3 - 0,PRICE_10,75,0,-0.305555556,10,-1.025394636,0.075,-0.0625
1,3,11,0,1 - 3 - 0,PRICE_11,114,0,0.055555556,6,0.234145232,0.5625,0.52
1,3,12,0,1 - 3 - 0,PRICE_12,122,0,0.12962963,4,0.492512384,0.6625,0.070175439
1,4,0,3,1 - 4 - 3,PRICE_0,109,0,0,0,,,0
1,4,1,3,1 - 4 - 3,PRICE_1,133,0,0.220183486,3,1.268045859,0.755102041,0.220183486
1,4,2,3,1 - 4 - 3,PRICE_2,152,0,0.394495413,2,1.629438929,0.884353741,0.142857143
1,4,3,3,1 - 4 - 3,PRICE_3,50,0,-0.541284404,4,-0.310671236,0.19047619,-0.671052632
1,4,4,3,1 - 4 - 3,PRICE_4,169,0,0.550458716,1,1.952790623,1,2.38
1,4,5,3,1 - 4 - 3,PRICE_5,47,0,-0.568807339,6,-0.367733299,0.170068027,-0.721893491
1,4,6,3,1 - 4 - 3,PRICE_6,49,0,-0.550458716,5,-0.329691923,0.183673469,0.042553191
1,4,7,3,1 - 4 - 3,PRICE_7,44,0,-0.596330275,7,-0.424795363,0.149659864,-0.102040816
1,4,8,3,1 - 4 - 3,PRICE_8,39,0,-0.642201835,8,-0.519898802,0.115646259,-0.113636364
1,4,9,3,1 - 4 - 3,PRICE_9,35,0,-0.678899083,9,-0.595981554,0.088435374,-0.102564103
1,4,10,3,1 - 4 - 3,PRICE_10,30,0,-0.724770642,10,-0.691084993,0.054421769,-0.142857143
1,4,11,3,1 - 4 - 3,PRICE_11,26,0,-0.76146789,11,-0.767167745,0.027210884,-0.133333333
1,4,12,3,1 - 4 - 3,PRICE_12,22,0,-0.798165138,12,-0.843250497,0,-0.153846154
1,5,0,3,1 - 5 - 3,PRICE_0,102,3,0,0,,,0
1,5,1,3,1 - 5 - 3,PRICE_1,56,3,-0.450980392,5,-0.327903106,0.144736842,-0.450980392
1,5,2,3,1 - 5 - 3,PRICE_2,51,3,-0.5,8,-0.445011358,0.111842105,-0.089285714
1,5,3,3,1 - 5 - 3,PRICE_3,48,3,-0.529411765,9,-0.515276309,0.092105263,-0.058823529
1,5,4,3,1 - 5 - 3,PRICE_4,43,3,-0.578431373,10,-0.632384561,0.059210526,-0.104166667
1,5,5,3,1 - 5 - 3,PRICE_5,39,3,-0.617647059,11,-0.726071163,0.032894737,-0.093023256
1,5,6,3,1 - 5 - 3,PRICE_6,34,3,-0.666666667,12,-0.843179415,0,-0.128205128
1,5,7,3,1 - 5 - 3,PRICE_7,96,3,-0.058823529,3,0.608962911,0.407894737,1.823529412
1,5,8,3,1 - 5 - 3,PRICE_8,107,3,0.049019608,2,0.866601066,0.480263158,0.114583333
1,5,9,3,1 - 5 - 3,PRICE_9,72,3,-0.294117647,4,0.046843301,0.25,-0.327102804
1,5,10,3,1 - 5 - 3,PRICE_10,186,3,0.823529412,1,2.716911449,1,1.583333333
1,5,11,3,1 - 5 - 3,PRICE_11,52,3,-0.490196078,7,-0.421589708,0.118421053,-0.720430108
1,5,12,3,1 - 5 - 3,PRICE_12,56,3,-0.450980392,5,-0.327903106,0.144736842,0.076923077
1,6,0,2,1 - 6 - 2,PRICE_0,101,3,0,0,,,0
1,6,1,2,1 - 6 - 2,PRICE_1,91,3,-0.099009901,1,1.603621631,1,-0.099009901
1,6,2,2,1 - 6 - 2,PRICE_2,86,3,-0.148514851,2,1.258756764,0.888888889,-0.054945055
1,6,3,2,1 - 6 - 2,PRICE_3,82,3,-0.188118812,3,0.982864871,0.8,-0.046511628
1,6,4,2,1 - 6 - 2,PRICE_4,77,3,-0.237623762,4,0.638000004,0.688888889,-0.06097561
1,6,5,2,1 - 6 - 2,PRICE_5,73,3,-0.277227723,5,0.36210811,0.6,-0.051948052
1,6,6,2,1 - 6 - 2,PRICE_6,69,3,-0.316831683,6,0.086216217,0.511111111,-0.054794521
1,6,7,2,1 - 6 - 2,PRICE_7,66,3,-0.346534653,7,-0.120702703,0.444444444,-0.043478261
1,6,8,2,1 - 6 - 2,PRICE_8,61,3,-0.396039604,8,-0.46556757,0.333333333,-0.075757576
1,6,9,2,1 - 6 - 2,PRICE_9,58,3,-0.425742574,9,-0.67248649,0.266666667,-0.049180328
1,6,10,2,1 - 6 - 2,PRICE_10,54,3,-0.465346535,10,-0.948378384,0.177777778,-0.068965517
1,6,11,2,1 - 6 - 2,PRICE_11,50,3,-0.504950495,11,-1.224270277,0.088888889,-0.074074074
1,6,12,2,1 - 6 - 2,PRICE_12,46,3,-0.544554455,12,-1.500162171,0,-0.08
1,7,0,1,1 - 7 - 1,PRICE_0,103,2,0,0,,,0
1,7,1,1,1 - 7 - 1,PRICE_1,91,2,-0.116504854,6,-0.426055881,0.076086957,-0.116504854
1,7,2,1,1 - 7 - 1,PRICE_2,87,2,-0.155339806,7,-0.476676381,0.061594203,-0.043956044
1,7,3,1,1 - 7 - 1,PRICE_3,83,2,-0.194174757,9,-0.527296882,0.047101449,-0.045977011
1,7,4,1,1 - 7 - 1,PRICE_4,80,2,-0.223300971,10,-0.565262258,0.036231884,-0.036144578
1,7,5,1,1 - 7 - 1,PRICE_5,75,2,-0.27184466,11,-0.628537884,0.018115942,-0.0625
1,7,6,1,1 - 7 - 1,PRICE_6,70,2,-0.32038835,12,-0.691813509,0,-0.066666667
1,7,7,1,1 - 7 - 1,PRICE_7,117,2,0.13592233,4,-0.097022626,0.170289855,0.671428571
1,7,8,1,1 - 7 - 1,PRICE_8,166,2,0.611650485,3,0.523078507,0.347826087,0.418803419
1,7,9,1,1 - 7 - 1,PRICE_9,346,2,2.359223301,1,2.801001038,1,1.084337349
1,7,10,1,1 - 7 - 1,PRICE_10,190,2,0.844660194,2,0.826801511,0.434782609,-0.450867052
1,7,11,1,1 - 7 - 1,PRICE_11,106,2,0.029126214,5,-0.236229003,0.130434783,-0.442105263
1,7,12,1,1 - 7 - 1,PRICE_12,85,2,-0.174757282,8,-0.501986632,0.054347826,-0.198113208
1,8,0,0,1 - 8 - 0,PRICE_0,98,1,0,0,,,0
1,8,1,0,1 - 8 - 0,PRICE_1,137,1,0.397959184,1,1.300512178,1,0.397959184
1,8,2,0,1 - 8 - 0,PRICE_2,132,1,0.346938776,3,1.137948155,0.938271605,-0.03649635
1,8,3,0,1 - 8 - 0,PRICE_3,123,1,0.255102041,4,0.845332915,0.827160494,-0.068181818
1,8,4,0,1 - 8 - 0,PRICE_4,71,1,-0.275510204,8,-0.845332915,0.185185185,-0.422764228
1,8,5,0,1 - 8 - 0,PRICE_5,62,1,-0.367346939,11,-1.137948155,0.074074074,-0.126760563
1,8,6,0,1 - 8 - 0,PRICE_6,105,1,0.071428571,6,0.260102436,0.604938272,0.693548387
1,8,7,0,1 - 8 - 0,PRICE_7,107,1,0.091836735,5,0.325128044,0.62962963,0.019047619
1,8,8,0,1 - 8 - 0,PRICE_8,102,1,0.040816327,7,0.162564022,0.567901235,-0.046728972
1,8,9,0,1 - 8 - 0,PRICE_9,134,1,0.367346939,2,1.202973764,0.962962963,0.31372549
1,8,10,0,1 - 8 - 0,PRICE_10,71,1,-0.275510204,8,-0.845332915,0.185185185,-0.470149254
1,8,11,0,1 - 8 - 0,PRICE_11,64,1,-0.346938776,10,-1.072922546,0.098765432,-0.098591549
1,8,12,0,1 - 8 - 0,PRICE_12,56,1,-0.428571429,12,-1.333024982,0,-0.125
1,9,0,0,1 - 9 - 0,PRICE_0,99,0,0,0,,,0
1,9,1,0,1 - 9 - 0,PRICE_1,95,0,-0.04040404,5,0.077935781,0.438356164,-0.04040404
1,9,2,0,1 - 9 - 0,PRICE_2,116,0,0.171717172,3,0.931840857,0.726027397,0.221052632
1,9,3,0,1 - 9 - 0,PRICE_3,91,0,-0.080808081,7,-0.084712805,0.383561644,-0.215517241
1,9,4,0,1 - 9 - 0,PRICE_4,94,0,-0.050505051,6,0.037273634,0.424657534,0.032967033
1,9,5,0,1 - 9 - 0,PRICE_5,136,0,0.373737374,1,1.745083788,1,0.446808511
1,9,6,0,1 - 9 - 0,PRICE_6,99,0,0,4,0.240584367,0.493150685,-0.272058824
1,9,7,0,1 - 9 - 0,PRICE_7,76,0,-0.232323232,8,-0.694645003,0.178082192,-0.232323232
1,9,8,0,1 - 9 - 0,PRICE_8,69,0,-0.303030303,10,-0.979280028,0.082191781,-0.092105263
1,9,9,0,1 - 9 - 0,PRICE_9,63,0,-0.363636364,12,-1.223252907,0,-0.086956522
1,9,10,0,1 - 9 - 0,PRICE_10,133,0,0.343434343,2,1.623097348,0.95890411,1.111111111
1,9,11,0,1 - 9 - 0,PRICE_11,76,0,-0.232323232,8,-0.694645003,0.178082192,-0.428571429
1,9,12,0,1 - 9 - 0,PRICE_12,69,0,-0.303030303,10,-0.979280028,0.082191781,-0.092105263
1,10,0,2,1 - 10 - 2,PRICE_0,95,0,0,0,,,0
1,10,1,2,1 - 10 - 2,PRICE_1,83,0,-0.126315789,1,1.482828998,1,-0.126315789
1,10,2,2,1 - 10 - 2,PRICE_2,79,0,-0.168421053,2,1.170654472,0.9,-0.048192771
1,10,3,2,1 - 10 - 2,PRICE_3,76,0,-0.2,3,0.936523578,0.825,-0.037974684
1,10,4,2,1 - 10 - 2,PRICE_4,73,0,-0.231578947,4,0.702392683,0.75,-0.039473684
1,10,5,2,1 - 10 - 2,PRICE_5,70,0,-0.263157895,5,0.468261789,0.675,-0.04109589
1,10,6,2,1 - 10 - 2,PRICE_6,66,0,-0.305263158,6,0.156087263,0.575,-0.057142857
1,10,7,2,1 - 10 - 2,PRICE_7,63,0,-0.336842105,7,-0.078043631,0.5,-0.045454545
1,10,8,2,1 - 10 - 2,PRICE_8,60,0,-0.368421053,8,-0.312174526,0.425,-0.047619048
1,10,9,2,1 - 10 - 2,PRICE_9,56,0,-0.410526316,9,-0.624349052,0.325,-0.066666667
1,10,10,2,1 - 10 - 2,PRICE_10,52,0,-0.452631579,10,-0.936523578,0.225,-0.071428571
1,10,11,2,1 - 10 - 2,PRICE_11,47,0,-0.505263158,11,-1.326741735,0.1,-0.096153846
1,10,12,2,1 - 10 - 2,PRICE_12,43,0,-0.547368421,12,-1.638916261,0,-0.085106383
2,1,0,3,2 - 1 - 3,PRICE_0,105,3,0,0,,,0
2,1,1,3,2 - 1 - 3,PRICE_1,59,3,-0.438095238,4,-0.408677033,0.114035088,-0.438095238
2,1,2,3,2 - 1 - 3,PRICE_2,53,3,-0.495238095,9,-0.552915985,0.061403509,-0.101694915
2,1,3,3,2 - 1 - 3,PRICE_3,50,3,-0.523809524,11,-0.625035462,0.035087719,-0.056603774
2,1,4,3,2 - 1 - 3,PRICE_4,46,3,-0.561904762,12,-0.721194764,0,-0.08
2,1,5,3,2 - 1 - 3,PRICE_5,126,3,0.2,3,1.201991273,0.701754386,1.739130435
2,1,6,3,2 - 1 - 3,PRICE_6,145,3,0.380952381,2,1.658747956,0.868421053,0.150793651
2,1,7,3,2 - 1 - 3,PRICE_7,55,3,-0.476190476,6,-0.504836335,0.078947368,-0.620689655
2,1,8,3,2 - 1 - 3,PRICE_8,160,3,0.523809524,1,2.019345338,1,1.909090909
2,1,9,3,2 - 1 - 3,PRICE_9,54,3,-0.485714286,7,-0.52887616,0.070175439,-0.6625
2,1,10,3,2 - 1 - 3,PRICE_10,59,3,-0.438095238,4,-0.408677033,0.114035088,0.092592593
2,1,11,3,2 - 1 - 3,PRICE_11,54,3,-0.485714286,7,-0.52887616,0.070175439,-0.084745763
2,1,12,3,2 - 1 - 3,PRICE_12,51,3,-0.514285714,10,-0.600995636,0.043859649,-0.055555556
2,2,0,1,2 - 2 - 1,PRICE_0,106,3,0,0,,,0
2,2,1,1,2 - 2 - 1,PRICE_1,91,3,-0.141509434,6,-0.410702361,0.074879227,-0.141509434
2,2,2,1,2 - 2 - 1,PRICE_2,86,3,-0.188679245,9,-0.45355826,0.062801932,-0.054945055
2,2,3,1,2 - 2 - 1,PRICE_3,115,3,0.08490566,4,-0.204994048,0.132850242,0.337209302
2,2,4,1,2 - 2 - 1,PRICE_4,209,3,0.971698113,2,0.600696845,0.359903382,0.817391304
2,2,5,1,2 - 2 - 1,PRICE_5,474,3,3.471698113,1,2.872059467,1,1.267942584
2,2,6,1,2 - 2 - 1,PRICE_6,206,3,0.943396226,3,0.574983305,0.352657005,-0.565400844
2,2,7,1,2 - 2 - 1,PRICE_7,115,3,0.08490566,4,-0.204994048,0.132850242,-0.441747573
2,2,8,1,2 - 2 - 1,PRICE_8,60,3,-0.433962264,12,-0.676408932,0,-0.47826087
2,2,9,1,2 - 2 - 1,PRICE_9,90,3,-0.150943396,7,-0.419273541,0.072463768,0.5
2,2,10,1,2 - 2 - 1,PRICE_10,90,3,-0.150943396,7,-0.419273541,0.072463768,0
2,2,11,1,2 - 2 - 1,PRICE_11,67,3,-0.367924528,10,-0.616410674,0.016908213,-0.255555556
2,2,12,1,2 - 2 - 1,PRICE_12,64,3,-0.396226415,11,-0.642124213,0.009661836,-0.044776119
2,3,0,0,2 - 3 - 0,PRICE_0,102,1,0,0,,,0
2,3,1,0,2 - 3 - 0,PRICE_1,123,1,0.205882353,3,0.936877994,0.851851852,0.205882353
2,3,2,0,2 - 3 - 0,PRICE_2,104,1,0.019607843,7,0.315923975,0.617283951,-0.154471545
2,3,3,0,2 - 3 - 0,PRICE_3,113,1,0.107843137,5,0.610060089,0.728395062,0.086538462
2,3,4,0,2 - 3 - 0,PRICE_4,135,1,0.323529412,1,1.32905948,1,0.194690265
2,3,5,0,2 - 3 - 0,PRICE_5,116,1,0.137254902,4,0.708105461,0.765432099,-0.140740741
2,3,6,0,2 - 3 - 0,PRICE_6,67,1,-0.343137255,8,-0.893302274,0.160493827,-0.422413793
2,3,7,0,2 - 3 - 0,PRICE_7,60,1,-0.411764706,10,-1.122074807,0.074074074,-0.104477612
2,3,8,0,2 - 3 - 0,PRICE_8,54,1,-0.470588235,12,-1.31816555,0,-0.1
2,3,9,0,2 - 3 - 0,PRICE_9,125,1,0.225490196,2,1.002241575,0.87654321,1.314814815
2,3,10,0,2 - 3 - 0,PRICE_10,67,1,-0.343137255,8,-0.893302274,0.160493827,-0.464
2,3,11,0,2 - 3 - 0,PRICE_11,57,1,-0.441176471,11,-1.220120179,0.037037037,-0.149253731
2,3,12,0,2 - 3 - 0,PRICE_12,111,1,0.088235294,6,0.544696508,0.703703704,0.947368421
2,4,0,3,2 - 4 - 3,PRICE_0,98,0,0,0,,,0
2,4,1,3,2 - 4 - 3,PRICE_1,84,0,-0.142857143,4,-0.169010898,0.264,-0.142857143
2,4,2,3,2 - 4 - 3,PRICE_2,80,0,-0.183673469,6,-0.291927915,0.232,-0.047619048
2,4,3,3,2 - 4 - 3,PRICE_3,77,0,-0.214285714,8,-0.384115677,0.208,-0.0375
2,4,4,3,2 - 4 - 3,PRICE_4,118,0,0.204081633,2,0.875783745,0.536,0.532467532
2,4,5,3,2 - 4 - 3,PRICE_5,110,0,0.12244898,3,0.629949711,0.472,-0.06779661
2,4,6,3,2 - 4 - 3,PRICE_6,65,0,-0.336734694,11,-0.752866728,0.112,-0.409090909
2,4,7,3,2 - 4 - 3,PRICE_7,176,0,0.795918367,1,2.658080488,1,1.707692308
2,4,8,3,2 - 4 - 3,PRICE_8,51,0,-0.479591837,12,-1.183076286,0,-0.710227273
2,4,9,3,2 - 4 - 3,PRICE_9,84,0,-0.142857143,4,-0.169010898,0.264,0.647058824
2,4,10,3,2 - 4 - 3,PRICE_10,80,0,-0.183673469,6,-0.291927915,0.232,-0.047619048
2,4,11,3,2 - 4 - 3,PRICE_11,76,0,-0.224489796,9,-0.414844932,0.2,-0.05
2,4,12,3,2 - 4 - 3,PRICE_12,73,0,-0.255102041,10,-0.507032694,0.176,-0.039473684
2,5,0,1,2 - 5 - 1,PRICE_0,93,3,0,0,,,0
2,5,1,1,2 - 5 - 1,PRICE_1,83,3,-0.107526882,6,-0.414167881,0.184210526,-0.107526882
2,5,2,1,2 - 5 - 1,PRICE_2,79,3,-0.150537634,7,-0.480214587,0.163157895,-0.048192771
2,5,3,1,2 - 5 - 1,PRICE_3,122,3,0.311827957,4,0.229787496,0.389473684,0.544303797
2,5,4,1,2 - 5 - 1,PRICE_4,174,3,0.870967742,3,1.088394665,0.663157895,0.426229508
2,5,5,1,2 - 5 - 1,PRICE_5,238,3,1.559139785,1,2.145141951,1,0.367816092
2,5,6,1,2 - 5 - 1,PRICE_6,185,3,0.989247312,2,1.270023105,0.721052632,-0.222689076
2,5,7,1,2 - 5 - 1,PRICE_7,111,3,0.193548387,5,0.048159056,0.331578947,-0.4
2,5,8,1,2 - 5 - 1,PRICE_8,76,3,-0.182795699,8,-0.529749616,0.147368421,-0.315315315
2,5,9,1,2 - 5 - 1,PRICE_9,55,3,-0.408602151,11,-0.876494819,0.036842105,-0.276315789
2,5,10,1,2 - 5 - 1,PRICE_10,61,3,-0.344086022,10,-0.777424761,0.068421053,0.109090909
2,5,11,1,2 - 5 - 1,PRICE_11,48,3,-0.483870968,12,-0.992076553,0,-0.213114754
2,5,12,1,2 - 5 - 1,PRICE_12,65,3,-0.301075269,9,-0.711378055,0.089473684,0.354166667
2,6,0,0,2 - 6 - 0,PRICE_0,107,1,0,0,,,0
2,6,1,0,2 - 6 - 0,PRICE_1,82,1,-0.23364486,8,-0.884863426,0.184210526,-0.23364486
2,6,2,0,2 - 6 - 0,PRICE_2,72,1,-0.327102804,11,-1.205659834,0.052631579,-0.12195122
2,6,3,0,2 - 6 - 0,PRICE_3,138,1,0.289719626,3,0.91159646,0.921052632,0.916666667
2,6,4,0,2 - 6 - 0,PRICE_4,136,1,0.271028037,5,0.847437178,0.894736842,-0.014492754
2,6,5,0,2 - 6 - 0,PRICE_5,125,1,0.168224299,6,0.494561129,0.75,-0.080882353
2,6,6,0,2 - 6 - 0,PRICE_6,142,1,0.327102804,2,1.039915023,0.973684211,0.136
2,6,7,0,2 - 6 - 0,PRICE_7,137,1,0.280373832,4,0.879516819,0.907894737,-0.035211268
2,6,8,0,2 - 6 - 0,PRICE_8,115,1,0.074766355,7,0.173764721,0.618421053,-0.160583942
2,6,9,0,2 - 6 - 0,PRICE_9,144,1,0.345794393,1,1.104074305,1,0.252173913
2,6,10,0,2 - 6 - 0,PRICE_10,82,1,-0.23364486,8,-0.884863426,0.184210526,-0.430555556
2,6,11,0,2 - 6 - 0,PRICE_11,74,1,-0.308411215,10,-1.141500552,0.078947368,-0.097560976
2,6,12,0,2 - 6 - 0,PRICE_12,68,1,-0.364485981,12,-1.333978397,0,-0.081081081
2,7,0,3,2 - 7 - 3,PRICE_0,100,0,0,0,,,0
2,7,1,3,2 - 7 - 3,PRICE_1,55,0,-0.45,6,-0.390983989,0.135483871,-0.45
2,7,2,3,2 - 7 - 3,PRICE_2,114,0,0.14,2,0.914754992,0.516129032,1.072727273
2,7,3,3,2 - 7 - 3,PRICE_3,114,0,0.14,2,0.914754992,0.516129032,0
2,7,4,3,2 - 7 - 3,PRICE_4,60,0,-0.4,5,-0.280328143,0.167741935,-0.473684211
2,7,5,3,2 - 7 - 3,PRICE_5,189,0,0.89,1,2.57459268,1,2.15
2,7,6,3,2 - 7 - 3,PRICE_6,72,0,-0.28,4,-0.014754113,0.24516129,-0.619047619
2,7,7,3,2 - 7 - 3,PRICE_7,55,0,-0.45,6,-0.390983989,0.135483871,-0.236111111
2,7,8,3,2 - 7 - 3,PRICE_8,52,0,-0.48,8,-0.457377496,0.116129032,-0.054545455
2,7,9,3,2 - 7 - 3,PRICE_9,47,0,-0.53,9,-0.568033342,0.083870968,-0.096153846
2,7,10,3,2 - 7 - 3,PRICE_10,42,0,-0.58,10,-0.678689188,0.051612903,-0.106382979
2,7,11,3,2 - 7 - 3,PRICE_11,38,0,-0.62,11,-0.767213865,0.025806452,-0.095238095
2,7,12,3,2 - 7 - 3,PRICE_12,34,0,-0.66,12,-0.855738541,0,-0.105263158
2,8,0,0,2 - 8 - 0,PRICE_0,107,3,0,0,,,0
2,8,1,0,2 - 8 - 0,PRICE_1,114,3,0.065420561,4,0.540589903,0.691358025,0.065420561
2,8,2,0,2 - 8 - 0,PRICE_2,138,3,0.289719626,2,1.351474757,0.987654321,0.210526316
2,8,3,0,2 - 8 - 0,PRICE_3,109,3,0.018691589,5,0.371655558,0.62962963,-0.210144928
2,8,4,0,2 - 8 - 0,PRICE_4,103,3,-0.037383178,7,0.168934345,0.555555556,-0.055045872
2,8,5,0,2 - 8 - 0,PRICE_5,109,3,0.018691589,5,0.371655558,0.62962963,0.058252427
2,8,6,0,2 - 8 - 0,PRICE_6,128,3,0.196261682,3,1.013606068,0.864197531,0.174311927
2,8,7,0,2 - 8 - 0,PRICE_7,74,3,-0.308411215,8,-0.810884854,0.197530864,-0.421875
2,8,8,0,2 - 8 - 0,PRICE_8,64,3,-0.401869159,11,-1.148753543,0.074074074,-0.135135135
2,8,9,0,2 - 8 - 0,PRICE_9,58,3,-0.457943925,12,-1.351474757,0,-0.09375
2,8,10,0,2 - 8 - 0,PRICE_10,139,3,0.299065421,1,1.385261626,1,1.396551724
2,8,11,0,2 - 8 - 0,PRICE_11,74,3,-0.308411215,8,-0.810884854,0.197530864,-0.467625899
2,8,12,0,2 - 8 - 0,PRICE_12,66,3,-0.38317757,10,-1.081179805,0.098765432,-0.108108108
2,9,0,1,2 - 9 - 1,PRICE_0,101,0,0,0,,,0
2,9,1,1,2 - 9 - 1,PRICE_1,89,0,-0.118811881,6,-0.338198457,0.158227848,-0.118811881
2,9,2,1,2 - 9 - 1,PRICE_2,85,0,-0.158415842,7,-0.421876426,0.132911392,-0.04494382
2,9,3,1,2 - 9 - 1,PRICE_3,81,0,-0.198019802,8,-0.505554395,0.107594937,-0.047058824
2,9,4,1,2 - 9 - 1,PRICE_4,77,0,-0.237623762,9,-0.589232364,0.082278481,-0.049382716
2,9,5,1,2 - 9 - 1,PRICE_5,72,0,-0.287128713,10,-0.693829825,0.050632911,-0.064935065
2,9,6,1,2 - 9 - 1,PRICE_6,68,0,-0.326732673,11,-0.777507794,0.025316456,-0.055555556
2,9,7,1,2 - 9 - 1,PRICE_7,98,0,-0.02970297,4,-0.149923027,0.215189873,0.441176471
2,9,8,1,2 - 9 - 1,PRICE_8,164,0,0.623762376,2,1.230763458,0.632911392,0.673469388
2,9,9,1,2 - 9 - 1,PRICE_9,222,0,1.198019802,1,2.444094006,1,0.353658537
2,9,10,1,2 - 9 - 1,PRICE_10,146,0,0.445544554,3,0.854212598,0.518987342,-0.342342342
2,9,11,1,2 - 9 - 1,PRICE_11,96,0,-0.04950495,5,-0.191762012,0.202531646,-0.342465753
2,9,12,1,2 - 9 - 1,PRICE_12,64,0,-0.366336634,12,-0.861185762,0,-0.333333333
2,10,0,0,2 - 10 - 0,PRICE_0,105,1,0,0,,,0
2,10,1,0,2 - 10 - 0,PRICE_1,64,1,-0.39047619,8,-0.890231317,0.127906977,-0.39047619
2,10,2,0,2 - 10 - 0,PRICE_2,59,1,-0.438095238,10,-1.041117981,0.069767442,-0.078125
2,10,3,0,2 - 10 - 0,PRICE_3,53,1,-0.495238095,12,-1.222181977,0,-0.101694915
2,10,4,0,2 - 10 - 0,PRICE_4,97,1,-0.076190476,7,0.105620665,0.511627907,0.830188679
2,10,5,0,2 - 10 - 0,PRICE_5,131,1,0.247619048,3,1.131649979,0.906976744,0.350515464
2,10,6,0,2 - 10 - 0,PRICE_6,64,1,-0.39047619,8,-0.890231317,0.127906977,-0.511450382
2,10,7,0,2 - 10 - 0,PRICE_7,56,1,-0.466666667,11,-1.131649979,0.034883721,-0.125
2,10,8,0,2 - 10 - 0,PRICE_8,113,1,0.076190476,4,0.588457989,0.697674419,1.017857143
2,10,9,0,2 - 10 - 0,PRICE_9,108,1,0.028571429,5,0.437571325,0.639534884,-0.044247788
2,10,10,0,2 - 10 - 0,PRICE_10,139,1,0.323809524,1,1.373068641,1,0.287037037
2,10,11,0,2 - 10 - 0,PRICE_11,138,1,0.314285714,2,1.342891308,0.988372093,-0.007194245
2,10,12,0,2 - 10 - 0,PRICE_12,100,1,-0.047619048,6,0.196152663,0.546511628,-0.275362319
3,1,0,3,3 - 1 - 3,PRICE_0,110,3,0,0,,,0
3,1,1,3,3 - 1 - 3,PRICE_1,60,3,-0.454545455,4,-0.363856315,0.131578947,-0.454545455
3,1,2,3,3 - 1 - 3,PRICE_2,55,3,-0.5,7,-0.482505114,0.087719298,-0.083333333
3,1,3,3,3 - 1 - 3,PRICE_3,51,3,-0.536363636,9,-0.577424152,0.052631579,-0.072727273
3,1,4,3,3 - 1 - 3,PRICE_4,47,3,-0.572727273,10,-0.672343191,0.01754386,-0.078431373
3,1,5,3,3 - 1 - 3,PRICE_5,121,3,0.1,3,1.083659026,0.666666667,1.574468085
3,1,6,3,3 - 1 - 3,PRICE_6,150,3,0.363636364,2,1.771822057,0.921052632,0.239669421
3,1,7,3,3 - 1 - 3,PRICE_7,45,3,-0.590909091,12,-0.71980271,0,-0.7
3,1,8,3,3 - 1 - 3,PRICE_8,159,3,0.445454545,1,1.985389894,1,2.533333333
3,1,9,3,3 - 1 - 3,PRICE_9,47,3,-0.572727273,10,-0.672343191,0.01754386,-0.704402516
3,1,10,3,3 - 1 - 3,PRICE_10,60,3,-0.454545455,4,-0.363856315,0.131578947,0.276595745
3,1,11,3,3 - 1 - 3,PRICE_11,56,3,-0.490909091,6,-0.458775354,0.096491228,-0.066666667
3,1,12,3,3 - 1 - 3,PRICE_12,53,3,-0.518181818,8,-0.529964633,0.070175439,-0.053571429
3,2,0,3,3 - 2 - 3,PRICE_0,92,3,0,0,,,0
3,2,1,3,3 - 2 - 3,PRICE_1,48,3,-0.47826087,4,-0.424502267,0.086206897,-0.47826087
3,2,2,3,3 - 2 - 3,PRICE_2,45,3,-0.510869565,7,-0.500532524,0.060344828,-0.0625
3,2,3,3,3 - 2 - 3,PRICE_3,41,3,-0.554347826,10,-0.6019062,0.025862069,-0.088888889
3,2,4,3,3 - 2 - 3,PRICE_4,106,3,0.152173913,3,1.045416032,0.586206897,1.585365854
3,2,5,3,3 - 2 - 3,PRICE_5,123,3,0.336956522,2,1.476254154,0.732758621,0.160377358
3,2,6,3,3 - 2 - 3,PRICE_6,47,3,-0.489130435,6,-0.449845686,0.077586207,-0.617886179
3,2,7,3,3 - 2 - 3,PRICE_7,154,3,0.673913043,1,2.261900141,1,2.276595745
3,2,8,3,3 - 2 - 3,PRICE_8,40,3,-0.565217391,11,-0.627249619,0.017241379,-0.74025974
3,2,9,3,3 - 2 - 3,PRICE_9,48,3,-0.47826087,4,-0.424502267,0.086206897,0.2
3,2,10,3,3 - 2 - 3,PRICE_10,45,3,-0.510869565,7,-0.500532524,0.060344828,-0.0625
3,2,11,3,3 - 2 - 3,PRICE_11,42,3,-0.543478261,9,-0.576562781,0.034482759,-0.066666667
3,2,12,3,3 - 2 - 3,PRICE_12,38,3,-0.586956522,12,-0.677936457,0,-0.095238095
3,3,0,0,3 - 3 - 0,PRICE_0,99,3,0,0,,,0
3,3,1,0,3 - 3 - 0,PRICE_1,114,3,0.151515152,4,0.976787254,0.859375,0.151515152
3,3,2,0,3 - 3 - 0,PRICE_2,123,3,0.242424242,1,1.341815016,1,0.078947368
3,3,3,0,3 - 3 - 0,PRICE_3,122,3,0.232323232,2,1.301256376,0.984375,-0.008130081
3,3,4,0,3 - 3 - 0,PRICE_4,92,3,-0.070707071,7,0.084497167,0.515625,-0.245901639
3,3,5,0,3 - 3 - 0,PRICE_5,94,3,-0.050505051,5,0.165614448,0.546875,0.02173913
3,3,6,0,3 - 3 - 0,PRICE_6,116,3,0.171717172,3,1.057904534,0.890625,0.234042553
3,3,7,0,3 - 3 - 0,PRICE_7,70,3,-0.292929293,8,-0.807792919,0.171875,-0.396551724
3,3,8,0,3 - 3 - 0,PRICE_8,65,3,-0.343434343,10,-1.010586121,0.09375,-0.071428571
3,3,9,0,3 - 3 - 0,PRICE_9,59,3,-0.404040404,12,-1.253937962,0,-0.092307692
3,3,10,0,3 - 3 - 0,PRICE_10,94,3,-0.050505051,5,0.165614448,0.546875,0.593220339
3,3,11,0,3 - 3 - 0,PRICE_11,70,3,-0.292929293,8,-0.807792919,0.171875,-0.255319149
3,3,12,0,3 - 3 - 0,PRICE_12,60,3,-0.393939394,11,-1.213379322,0.015625,-0.142857143
3,4,0,3,3 - 4 - 3,PRICE_0,93,0,0,0,,,0
3,4,1,3,3 - 4 - 3,PRICE_1,61,0,-0.344086022,4,-0.284585553,0.191666667,-0.344086022
3,4,2,3,3 - 4 - 3,PRICE_2,58,0,-0.376344086,6,-0.367207165,0.166666667,-0.049180328
3,4,3,3,3 - 4 - 3,PRICE_3,53,0,-0.430107527,8,-0.504909852,0.125,-0.086206897
3,4,4,3,3 - 4 - 3,PRICE_4,127,0,0.365591398,2,1.533089914,0.741666667,1.396226415
3,4,5,3,3 - 4 - 3,PRICE_5,93,0,0,3,0.596711643,0.458333333,-0.267716535
3,4,6,3,3 - 4 - 3,PRICE_6,48,0,-0.483870968,11,-0.642612539,0.083333333,-0.483870968
3,4,7,3,3 - 4 - 3,PRICE_7,158,0,0.698924731,1,2.386846572,1,2.291666667
3,4,8,3,3 - 4 - 3,PRICE_8,38,0,-0.591397849,12,-0.918017912,0,-0.759493671
3,4,9,3,3 - 4 - 3,PRICE_9,61,0,-0.344086022,4,-0.284585553,0.191666667,0.605263158
3,4,10,3,3 - 4 - 3,PRICE_10,57,0,-0.387096774,7,-0.394747702,0.158333333,-0.06557377
3,4,11,3,3 - 4 - 3,PRICE_11,53,0,-0.430107527,8,-0.504909852,0.125,-0.070175439
3,4,12,3,3 - 4 - 3,PRICE_12,49,0,-0.47311828,10,-0.615072001,0.091666667,-0.075471698
3,5,0,0,3 - 5 - 0,PRICE_0,91,3,0,0,,,0
3,5,1,0,3 - 5 - 0,PRICE_1,120,3,0.318681319,2,1.459014821,0.971830986,0.318681319
3,5,2,0,3 - 5 - 0,PRICE_2,93,3,0.021978022,5,0.429122006,0.591549296,-0.225
3,5,3,0,3 - 5 - 0,PRICE_3,87,3,-0.043956044,6,0.200256936,0.507042254,-0.064516129
3,5,4,0,3 - 5 - 0,PRICE_4,58,3,-0.362637363,8,-0.905924235,0.098591549,-0.333333333
3,5,5,0,3 - 5 - 0,PRICE_5,55,3,-0.395604396,10,-1.02035677,0.056338028,-0.051724138
3,5,6,0,3 - 5 - 0,PRICE_6,51,3,-0.43956044,12,-1.172933484,0,-0.072727273
3,5,7,0,3 - 5 - 0,PRICE_7,122,3,0.340659341,1,1.535303178,1,1.392156863
3,5,8,0,3 - 5 - 0,PRICE_8,58,3,-0.362637363,8,-0.905924235,0.098591549,-0.524590164
3,5,9,0,3 - 5 - 0,PRICE_9,52,3,-0.428571429,11,-1.134789305,0.014084507,-0.103448276
3,5,10,0,3 - 5 - 0,PRICE_10,100,3,0.098901099,3,0.696131255,0.690140845,0.923076923
3,5,11,0,3 - 5 - 0,PRICE_11,99,3,0.087912088,4,0.657987076,0.676056338,-0.01
3,5,12,0,3 - 5 - 0,PRICE_12,86,3,-0.054945055,7,0.162112758,0.492957746,-0.131313131
3,6,0,0,3 - 6 - 0,PRICE_0,98,0,0,0,,,0
3,6,1,0,3 - 6 - 0,PRICE_1,98,0,0,5,0.439217578,0.621621622,0
3,6,2,0,3 - 6 - 0,PRICE_2,103,0,0.051020408,4,0.630181742,0.689189189,0.051020408
3,6,3,0,3 - 6 - 0,PRICE_3,66,0,-0.326530612,8,-0.782953073,0.189189189,-0.359223301
3,6,4,0,3 - 6 - 0,PRICE_4,58,0,-0.408163265,10,-1.088495736,0.081081081,-0.121212121
3,6,5,0,3 - 6 - 0,PRICE_5,52,0,-0.469387755,12,-1.317652733,0,-0.103448276
3,6,6,0,3 - 6 - 0,PRICE_6,125,0,0.275510204,2,1.470424065,0.986486486,1.403846154
3,6,7,0,3 - 6 - 0,PRICE_7,90,0,-0.081632653,6,0.133674915,0.513513514,-0.28
3,6,8,0,3 - 6 - 0,PRICE_8,66,0,-0.326530612,8,-0.782953073,0.189189189,-0.266666667
3,6,9,0,3 - 6 - 0,PRICE_9,58,0,-0.408163265,10,-1.088495736,0.081081081,-0.121212121
3,6,10,0,3 - 6 - 0,PRICE_10,126,0,0.285714286,1,1.508616898,1,1.172413793
3,6,11,0,3 - 6 - 0,PRICE_11,89,0,-0.091836735,7,0.095482082,0.5,-0.293650794
3,6,12,0,3 - 6 - 0,PRICE_12,107,0,0.091836735,3,0.782953073,0.743243243,0.202247191
3,7,0,3,3 - 7 - 3,PRICE_0,96,0,0,0,,,0
3,7,1,3,3 - 7 - 3,PRICE_1,70,0,-0.270833333,4,-0.292894818,0.157480315,-0.270833333
3,7,2,3,3 - 7 - 3,PRICE_2,66,0,-0.3125,8,-0.400215057,0.125984252,-0.057142857
3,7,3,3,3 - 7 - 3,PRICE_3,90,0,-0.0625,3,0.243706376,0.31496063,0.363636364
3,7,4,3,3 - 7 - 3,PRICE_4,134,0,0.395833333,2,1.424229002,0.661417323,0.488888889
3,7,5,3,3 - 7 - 3,PRICE_5,50,0,-0.479166667,12,-0.829496012,0,-0.626865672
3,7,6,3,3 - 7 - 3,PRICE_6,177,0,0.84375,1,2.577921569,1,2.54
3,7,7,3,3 - 7 - 3,PRICE_7,67,0,-0.302083333,6,-0.373384997,0.133858268,-0.621468927
3,7,8,3,3 - 7 - 3,PRICE_8,70,0,-0.270833333,4,-0.292894818,0.157480315,0.044776119
3,7,9,3,3 - 7 - 3,PRICE_9,67,0,-0.302083333,6,-0.373384997,0.133858268,-0.042857143
3,7,10,3,3 - 7 - 3,PRICE_10,64,0,-0.333333333,9,-0.453875176,0.11023622,-0.044776119
3,7,11,3,3 - 7 - 3,PRICE_11,60,0,-0.375,10,-0.561195415,0.078740157,-0.0625
3,7,12,3,3 - 7 - 3,PRICE_12,56,0,-0.416666667,11,-0.668515654,0.047244094,-0.066666667
3,8,0,0,3 - 8 - 0,PRICE_0,98,3,0,0,,,0
3,8,1,0,3 - 8 - 0,PRICE_1,95,3,-0.030612245,7,0.006901432,0.534090909,-0.030612245
3,8,2,0,3 - 8 - 0,PRICE_2,130,3,0.326530612,3,0.973101971,0.931818182,0.368421053
3,8,3,0,3 - 8 - 0,PRICE_3,62,3,-0.367346939,8,-0.904087647,0.159090909,-0.523076923
3,8,4,0,3 - 8 - 0,PRICE_4,54,3,-0.448979592,11,-1.124933485,0.068181818,-0.129032258
3,8,5,0,3 - 8 - 0,PRICE_5,48,3,-0.510204082,12,-1.290567863,0,-0.111111111
3,8,6,0,3 - 8 - 0,PRICE_6,129,3,0.316326531,4,0.945496242,0.920454545,1.6875
3,8,7,0,3 - 8 - 0,PRICE_7,127,3,0.295918367,5,0.890284782,0.897727273,-0.015503876
3,8,8,0,3 - 8 - 0,PRICE_8,135,3,0.37755102,2,1.11113062,0.988636364,0.062992126
3,8,9,0,3 - 8 - 0,PRICE_9,104,3,0.06122449,6,0.255353,0.636363636,-0.22962963
3,8,10,0,3 - 8 - 0,PRICE_10,62,3,-0.367346939,8,-0.904087647,0.159090909,-0.403846154
3,8,11,0,3 - 8 - 0,PRICE_11,55,3,-0.43877551,10,-1.097327755,0.079545455,-0.112903226
3,8,12,0,3 - 8 - 0,PRICE_12,136,3,0.387755102,1,1.13873635,1,1.472727273
3,9,0,2,3 - 9 - 2,PRICE_0,90,0,0,0,,,0
3,9,1,2,3 - 9 - 2,PRICE_1,79,0,-0.122222222,1,1.471074111,1,-0.122222222
3,9,2,2,3 - 9 - 2,PRICE_2,76,0,-0.155555556,2,1.237776014,0.923076923,-0.037974684
3,9,3,2,3 - 9 - 2,PRICE_3,73,0,-0.188888889,3,1.004477917,0.846153846,-0.039473684
3,9,4,2,3 - 9 - 2,PRICE_4,69,0,-0.233333333,4,0.693413788,0.743589744,-0.054794521
3,9,5,2,3 - 9 - 2,PRICE_5,65,0,-0.277777778,5,0.382349659,0.641025641,-0.057971014
3,9,6,2,3 - 9 - 2,PRICE_6,62,0,-0.311111111,6,0.149051562,0.564102564,-0.046153846
3,9,7,2,3 - 9 - 2,PRICE_7,59,0,-0.344444444,7,-0.084246535,0.487179487,-0.048387097
3,9,8,2,3 - 9 - 2,PRICE_8,56,0,-0.377777778,8,-0.317544632,0.41025641,-0.050847458
3,9,9,2,3 - 9 - 2,PRICE_9,51,0,-0.433333333,9,-0.706374793,0.282051282,-0.089285714
3,9,10,2,3 - 9 - 2,PRICE_10,47,0,-0.477777778,10,-1.017438923,0.179487179,-0.078431373
3,9,11,2,3 - 9 - 2,PRICE_11,44,0,-0.511111111,11,-1.250737019,0.102564103,-0.063829787
3,9,12,2,3 - 9 - 2,PRICE_12,40,0,-0.555555556,12,-1.561801149,0,-0.090909091
3,10,0,0,3 - 10 - 0,PRICE_0,93,2,0,0,,,0
3,10,1,0,3 - 10 - 0,PRICE_1,117,2,0.258064516,2,1.201876582,0.884057971,0.258064516
3,10,2,0,3 - 10 - 0,PRICE_2,106,2,0.139784946,4,0.753719212,0.724637681,-0.094017094
3,10,3,0,3 - 10 - 0,PRICE_3,84,2,-0.096774194,7,-0.142595527,0.405797101,-0.20754717
3,10,4,0,3 - 10 - 0,PRICE_4,105,2,0.129032258,5,0.712977633,0.710144928,0.25
3,10,5,0,3 - 10 - 0,PRICE_5,108,2,0.161290323,3,0.835202371,0.753623188,0.028571429
3,10,6,0,3 - 10 - 0,PRICE_6,67,2,-0.279569892,8,-0.835202371,0.15942029,-0.37962963
3,10,7,0,3 - 10 - 0,PRICE_7,60,2,-0.35483871,11,-1.120393424,0.057971014,-0.104477612
3,10,8,0,3 - 10 - 0,PRICE_8,56,2,-0.397849462,12,-1.28335974,0,-0.066666667
3,10,9,0,3 - 10 - 0,PRICE_9,125,2,0.344086022,1,1.527809215,1,1.232142857
3,10,10,0,3 - 10 - 0,PRICE_10,93,2,0,6,0.224078685,0.536231884,-0.256
3,10,11,0,3 - 10 - 0,PRICE_11,67,2,-0.279569892,8,-0.835202371,0.15942029,-0.279569892
3,10,12,0,3 - 10 - 0,PRICE_12,62,2,-0.333333333,10,-1.038910266,0.086956522,-0.074626866
4,1,0,3,4 - 1 - 3,PRICE_0,102,3,0,0,,,0
4,1,1,3,4 - 1 - 3,PRICE_1,88,3,-0.137254902,4,0.042840128,0.369369369,-0.137254902
4,1,2,3,4 - 1 - 3,PRICE_2,132,3,0.294117647,2,1.373404104,0.765765766,0.5
4,1,3,3,4 - 1 - 3,PRICE_3,112,3,0.098039216,3,0.768602297,0.585585586,-0.151515152
4,1,4,3,4 - 1 - 3,PRICE_4,47,3,-0.539215686,11,-1.197003577,0,-0.580357143
4,1,5,3,4 - 1 - 3,PRICE_5,158,3,0.549019608,1,2.159646453,1,2.361702128
4,1,6,3,4 - 1 - 3,PRICE_6,47,3,-0.539215686,11,-1.197003577,0,-0.702531646
4,1,7,3,4 - 1 - 3,PRICE_7,88,3,-0.137254902,4,0.042840128,0.369369369,0.872340426
4,1,8,3,4 - 1 - 3,PRICE_8,83,3,-0.18627451,6,-0.108360324,0.324324324,-0.056818182
4,1,9,3,4 - 1 - 3,PRICE_9,78,3,-0.235294118,7,-0.259560776,0.279279279,-0.060240964
4,1,10,3,4 - 1 - 3,PRICE_10,73,3,-0.284313725,8,-0.410761227,0.234234234,-0.064102564
4,1,11,3,4 - 1 - 3,PRICE_11,68,3,-0.333333333,9,-0.561961679,0.189189189,-0.068493151
4,1,12,3,4 - 1 - 3,PRICE_12,65,3,-0.362745098,10,-0.65268195,0.162162162,-0.044117647
4,2,0,0,4 - 2 - 0,PRICE_0,102,3,0,0,,,0
4,2,1,0,4 - 2 - 0,PRICE_1,65,3,-0.362745098,8,-0.89129292,0.1375,-0.362745098
4,2,2,0,4 - 2 - 0,PRICE_2,57,3,-0.441176471,11,-1.158680796,0.0375,-0.123076923
4,2,3,0,4 - 2 - 0,PRICE_3,115,3,0.12745098,4,0.779881305,0.7625,1.01754386
4,2,4,0,4 - 2 - 0,PRICE_4,111,3,0.088235294,5,0.646187367,0.7125,-0.034782609
4,2,5,0,4 - 2 - 0,PRICE_5,128,3,0.254901961,2,1.214386604,0.925,0.153153153
4,2,6,0,4 - 2 - 0,PRICE_6,120,3,0.176470588,3,0.946998728,0.825,-0.0625
4,2,7,0,4 - 2 - 0,PRICE_7,93,3,-0.088235294,7,0.044564646,0.4875,-0.225
4,2,8,0,4 - 2 - 0,PRICE_8,97,3,-0.049019608,6,0.178258584,0.5375,0.043010753
4,2,9,0,4 - 2 - 0,PRICE_9,65,3,-0.362745098,8,-0.89129292,0.1375,-0.329896907
4,2,10,0,4 - 2 - 0,PRICE_10,61,3,-0.401960784,10,-1.024986858,0.0875,-0.061538462
4,2,11,0,4 - 2 - 0,PRICE_11,54,3,-0.470588235,12,-1.25895125,0,-0.114754098
4,2,12,0,4 - 2 - 0,PRICE_12,134,3,0.31372549,1,1.414927511,1,1.481481481
4,3,0,2,4 - 3 - 2,PRICE_0,90,0,0,0,,,0
4,3,1,2,4 - 3 - 2,PRICE_1,80,0,-0.111111111,1,1.536029475,1,-0.111111111
4,3,2,2,4 - 3 - 2,PRICE_2,77,0,-0.144444444,2,1.291352214,0.918918919,-0.0375
4,3,3,2,4 - 3 - 2,PRICE_3,73,0,-0.188888889,3,0.965115865,0.810810811,-0.051948052
4,3,4,2,4 - 3 - 2,PRICE_4,69,0,-0.233333333,4,0.638879516,0.702702703,-0.054794521
4,3,5,2,4 - 3 - 2,PRICE_5,66,0,-0.266666667,5,0.394202255,0.621621622,-0.043478261
4,3,6,2,4 - 3 - 2,PRICE_6,63,0,-0.3,6,0.149524993,0.540540541,-0.045454545
4,3,7,2,4 - 3 - 2,PRICE_7,60,0,-0.333333333,7,-0.095152268,0.459459459,-0.047619048
4,3,8,2,4 - 3 - 2,PRICE_8,56,0,-0.377777778,8,-0.421388617,0.351351351,-0.066666667
4,3,9,2,4 - 3 - 2,PRICE_9,52,0,-0.422222222,9,-0.747624966,0.243243243,-0.071428571
4,3,10,2,4 - 3 - 2,PRICE_10,49,0,-0.455555556,10,-0.992302227,0.162162162,-0.057692308
4,3,11,2,4 - 3 - 2,PRICE_11,46,0,-0.488888889,11,-1.236979489,0.081081081,-0.06122449
4,3,12,2,4 - 3 - 2,PRICE_12,43,0,-0.522222222,12,-1.48165675,0,-0.065217391
4,4,0,1,4 - 4 - 1,PRICE_0,106,2,0,0,,,0
4,4,1,1,4 - 4 - 1,PRICE_1,94,2,-0.113207547,6,-0.362196712,0.122282609,-0.113207547
4,4,2,1,4 - 4 - 1,PRICE_2,90,2,-0.150943396,7,-0.402816904,0.111413043,-0.042553191
4,4,3,1,4 - 4 - 1,PRICE_3,85,2,-0.198113208,8,-0.453592144,0.097826087,-0.055555556
4,4,4,1,4 - 4 - 1,PRICE_4,81,2,-0.235849057,10,-0.494212336,0.086956522,-0.047058824
4,4,5,1,4 - 4 - 1,PRICE_5,76,2,-0.283018868,11,-0.544987576,0.073369565,-0.061728395
4,4,6,1,4 - 4 - 1,PRICE_6,105,2,-0.009433962,5,-0.250491184,0.152173913,0.381578947
4,4,7,1,4 - 4 - 1,PRICE_7,151,2,0.424528302,3,0.216641024,0.277173913,0.438095238
4,4,8,1,4 - 4 - 1,PRICE_8,417,2,2.933962264,1,2.917883794,1,1.761589404
4,4,9,1,4 - 4 - 1,PRICE_9,195,2,0.839622642,2,0.663463136,0.39673913,-0.532374101
4,4,10,1,4 - 4 - 1,PRICE_10,130,2,0.226415094,4,0.003385016,0.220108696,-0.333333333
4,4,11,1,4 - 4 - 1,PRICE_11,83,2,-0.216981132,9,-0.47390224,0.092391304,-0.361538462
4,4,12,1,4 - 4 - 1,PRICE_12,49,2,-0.537735849,12,-0.819173872,0,-0.409638554
4,5,0,2,4 - 5 - 2,PRICE_0,100,1,0,0,,,0
4,5,1,2,4 - 5 - 2,PRICE_1,89,1,-0.11,1,1.568965987,1,-0.11
4,5,2,2,4 - 5 - 2,PRICE_2,84,1,-0.16,2,1.215063885,0.88372093,-0.056179775
4,5,3,2,4 - 5 - 2,PRICE_3,80,1,-0.2,3,0.931942203,0.790697674,-0.047619048
4,5,4,2,4 - 5 - 2,PRICE_4,77,1,-0.23,4,0.719600941,0.720930233,-0.0375
4,5,5,2,4 - 5 - 2,PRICE_5,73,1,-0.27,5,0.43647926,0.627906977,-0.051948052
4,5,6,2,4 - 5 - 2,PRICE_6,69,1,-0.31,6,0.153357578,0.534883721,-0.054794521
4,5,7,2,4 - 5 - 2,PRICE_7,65,1,-0.35,7,-0.129764104,0.441860465,-0.057971014
4,5,8,2,4 - 5 - 2,PRICE_8,60,1,-0.4,8,-0.483666207,0.325581395,-0.076923077
4,5,9,2,4 - 5 - 2,PRICE_9,57,1,-0.43,9,-0.696007468,0.255813953,-0.05
4,5,10,2,4 - 5 - 2,PRICE_10,53,1,-0.47,10,-0.97912915,0.162790698,-0.070175439
4,5,11,2,4 - 5 - 2,PRICE_11,49,1,-0.51,11,-1.262250832,0.069767442,-0.075471698
4,5,12,2,4 - 5 - 2,PRICE_12,46,1,-0.54,12,-1.474592093,0,-0.06122449
4,6,0,1,4 - 6 - 1,PRICE_0,109,2,0,0,,,0
4,6,1,1,4 - 6 - 1,PRICE_1,94,2,-0.137614679,7,-0.414773942,0.044345898,-0.137614679
4,6,2,1,4 - 6 - 1,PRICE_2,89,2,-0.183486239,9,-0.454720068,0.033259424,-0.053191489
4,6,3,1,4 - 6 - 1,PRICE_3,85,2,-0.220183486,10,-0.486676969,0.024390244,-0.04494382
4,6,4,1,4 - 6 - 1,PRICE_4,111,2,0.018348624,5,-0.278957113,0.082039911,0.305882353
4,6,5,1,4 - 6 - 1,PRICE_5,194,2,0.779816514,2,0.384148578,0.266075388,0.747747748
4,6,6,1,4 - 6 - 1,PRICE_6,525,2,3.816513761,1,3.02858212,1,1.706185567
4,6,7,1,4 - 6 - 1,PRICE_7,169,2,0.550458716,3,0.184417948,0.210643016,-0.678095238
4,6,8,1,4 - 6 - 1,PRICE_8,142,2,0.302752294,4,-0.031291132,0.150776053,-0.159763314
4,6,9,1,4 - 6 - 1,PRICE_9,80,2,-0.266055046,11,-0.526623095,0.013303769,-0.436619718
4,6,10,1,4 - 6 - 1,PRICE_10,74,2,-0.321100917,12,-0.574558446,0,-0.075
4,6,11,1,4 - 6 - 1,PRICE_11,95,2,-0.128440367,6,-0.406784716,0.046563193,0.283783784
4,6,12,1,4 - 6 - 1,PRICE_12,93,2,-0.146788991,8,-0.422763167,0.042128603,-0.021052632
4,7,0,1,4 - 7 - 1,PRICE_0,98,1,0,0,,,0
4,7,1,1,4 - 7 - 1,PRICE_1,86,1,-0.12244898,6,-0.348136585,0.16,-0.12244898
4,7,2,1,4 - 7 - 1,PRICE_2,83,1,-0.153061224,7,-0.386699407,0.149090909,-0.034883721
4,7,3,1,4 - 7 - 1,PRICE_3,110,1,0.12244898,4,-0.039634011,0.247272727,0.325301205
4,7,4,1,4 - 7 - 1,PRICE_4,192,1,0.959183673,2,1.01441645,0.545454545,0.745454545
4,7,5,1,4 - 7 - 1,PRICE_5,317,1,2.234693878,1,2.62120069,1,0.651041667
4,7,6,1,4 - 7 - 1,PRICE_6,161,1,0.642857143,3,0.615933959,0.432727273,-0.492113565
4,7,7,1,4 - 7 - 1,PRICE_7,110,1,0.12244898,4,-0.039634011,0.247272727,-0.316770186
4,7,8,1,4 - 7 - 1,PRICE_8,56,1,-0.428571429,11,-0.733764803,0.050909091,-0.490909091
4,7,9,1,4 - 7 - 1,PRICE_9,42,1,-0.571428571,12,-0.913724638,0,-0.25
4,7,10,1,4 - 7 - 1,PRICE_10,68,1,-0.306122449,9,-0.579513516,0.094545455,0.619047619
4,7,11,1,4 - 7 - 1,PRICE_11,62,1,-0.367346939,10,-0.656639159,0.072727273,-0.088235294
4,7,12,1,4 - 7 - 1,PRICE_12,70,1,-0.285714286,8,-0.553804968,0.101818182,0.129032258
4,8,0,2,4 - 8 - 2,PRICE_0,91,1,0,0,,,0
4,8,1,2,4 - 8 - 2,PRICE_1,80,1,-0.120879121,1,1.445518859,1,-0.120879121
4,8,2,2,4 - 8 - 2,PRICE_2,77,1,-0.153846154,2,1.224077672,0.925,-0.0375
4,8,3,2,4 - 8 - 2,PRICE_3,74,1,-0.186813187,3,1.002636485,0.85,-0.038961039
4,8,4,2,4 - 8 - 2,PRICE_4,70,1,-0.230769231,4,0.707381569,0.75,-0.054054054
4,8,5,2,4 - 8 - 2,PRICE_5,66,1,-0.274725275,5,0.412126654,0.65,-0.057142857
4,8,6,2,4 - 8 - 2,PRICE_6,63,1,-0.307692308,6,0.190685467,0.575,-0.045454545
4,8,7,2,4 - 8 - 2,PRICE_7,60,1,-0.340659341,7,-0.03075572,0.5,-0.047619048
4,8,8,2,4 - 8 - 2,PRICE_8,55,1,-0.395604396,8,-0.399824365,0.375,-0.083333333
4,8,9,2,4 - 8 - 2,PRICE_9,51,1,-0.43956044,9,-0.695079281,0.275,-0.072727273
4,8,10,2,4 - 8 - 2,PRICE_10,46,1,-0.494505495,10,-1.064147926,0.15,-0.098039216
4,8,11,2,4 - 8 - 2,PRICE_11,43,1,-0.527472527,11,-1.285589113,0.075,-0.065217391
4,8,12,2,4 - 8 - 2,PRICE_12,40,1,-0.56043956,12,-1.5070303,0,-0.069767442
4,9,0,0,4 - 9 - 0,PRICE_0,106,2,0,0,,,0
4,9,1,0,4 - 9 - 0,PRICE_1,108,2,0.018867925,6,0.490958374,0.707317073,0.018867925
4,9,2,0,4 - 9 - 0,PRICE_2,102,2,-0.037735849,7,0.294575024,0.634146341,-0.055555556
4,9,3,0,4 - 9 - 0,PRICE_3,128,2,0.20754717,2,1.145569539,0.951219512,0.254901961
4,9,4,0,4 - 9 - 0,PRICE_4,67,2,-0.367924528,8,-0.850994514,0.207317073,-0.4765625
4,9,5,0,4 - 9 - 0,PRICE_5,56,2,-0.471698113,11,-1.211030655,0.073170732,-0.164179104
4,9,6,0,4 - 9 - 0,PRICE_6,50,2,-0.528301887,12,-1.407414004,0,-0.107142857
4,9,7,0,4 - 9 - 0,PRICE_7,132,2,0.245283019,1,1.276491771,1,1.64
4,9,8,0,4 - 9 - 0,PRICE_8,109,2,0.028301887,5,0.523688932,0.719512195,-0.174242424
4,9,9,0,4 - 9 - 0,PRICE_9,119,2,0.122641509,3,0.850994514,0.841463415,0.091743119
4,9,10,0,4 - 9 - 0,PRICE_10,118,2,0.113207547,4,0.818263956,0.829268293,-0.008403361
4,9,11,0,4 - 9 - 0,PRICE_11,67,2,-0.367924528,8,-0.850994514,0.207317073,-0.43220339
4,9,12,0,4 - 9 - 0,PRICE_12,60,2,-0.433962264,10,-1.080108422,0.12195122,-0.104477612
4,10,0,2,4 - 10 - 2,PRICE_0,98,0,0,0,,,0
4,10,1,2,4 - 10 - 2,PRICE_1,84,0,-0.142857143,1,1.51164947,1,-0.142857143
4,10,2,2,4 - 10 - 2,PRICE_2,80,0,-0.183673469,2,1.242911786,0.913043478,-0.047619048
4,10,3,2,4 - 10 - 2,PRICE_3,76,0,-0.224489796,3,0.974174103,0.826086957,-0.05
4,10,4,2,4 - 10 - 2,PRICE_4,71,0,-0.275510204,4,0.638251998,0.717391304,-0.065789474
4,10,5,2,4 - 10 - 2,PRICE_5,68,0,-0.306122449,5,0.436698736,0.652173913,-0.042253521
4,10,6,2,4 - 10 - 2,PRICE_6,64,0,-0.346938776,6,0.167961052,0.565217391,-0.058823529
4,10,7,2,4 - 10 - 2,PRICE_7,60,0,-0.387755102,7,-0.100776631,0.47826087,-0.0625
4,10,8,2,4 - 10 - 2,PRICE_8,55,0,-0.43877551,8,-0.436698736,0.369565217,-0.083333333
4,10,9,2,4 - 10 - 2,PRICE_9,52,0,-0.469387755,9,-0.638251998,0.304347826,-0.054545455
4,10,10,2,4 - 10 - 2,PRICE_10,47,0,-0.520408163,10,-0.974174103,0.195652174,-0.096153846
4,10,11,2,4 - 10 - 2,PRICE_11,43,0,-0.56122449,11,-1.242911786,0.108695652,-0.085106383
4,10,12,2,4 - 10 - 2,PRICE_12,38,0,-0.612244898,12,-1.578833891,0,-0.11627907
5,1,0,3,5 - 1 - 3,PRICE_0,105,3,0,0,,,0
5,1,1,3,5 - 1 - 3,PRICE_1,56,3,-0.466666667,4,-0.3095063,0.156521739,-0.466666667
5,1,2,3,5 - 1 - 3,PRICE_2,52,3,-0.504761905,7,-0.417946463,0.12173913,-0.071428571
5,1,3,3,5 - 1 - 3,PRICE_3,101,3,-0.038095238,3,0.910445539,0.547826087,0.942307692
5,1,4,3,5 - 1 - 3,PRICE_4,121,3,0.152380952,2,1.452646357,0.72173913,0.198019802
5,1,5,3,5 - 1 - 3,PRICE_5,45,3,-0.571428571,9,-0.607716749,0.060869565,-0.628099174
5,1,6,3,5 - 1 - 3,PRICE_6,153,3,0.457142857,1,2.320167664,1,2.4
5,1,7,3,5 - 1 - 3,PRICE_7,43,3,-0.59047619,10,-0.661936831,0.043478261,-0.718954248
5,1,8,3,5 - 1 - 3,PRICE_8,56,3,-0.466666667,4,-0.3095063,0.156521739,0.302325581
5,1,9,3,5 - 1 - 3,PRICE_9,53,3,-0.495238095,6,-0.390836423,0.130434783,-0.053571429
5,1,10,3,5 - 1 - 3,PRICE_10,48,3,-0.542857143,8,-0.526386627,0.086956522,-0.094339623
5,1,11,3,5 - 1 - 3,PRICE_11,43,3,-0.59047619,10,-0.661936831,0.043478261,-0.104166667
5,1,12,3,5 - 1 - 3,PRICE_12,38,3,-0.638095238,12,-0.797487036,0,-0.11627907
5,2,0,3,5 - 2 - 3,PRICE_0,94,3,0,0,,,0
5,2,1,3,5 - 2 - 3,PRICE_1,38,3,-0.595744681,6,-0.454921289,0.08974359,-0.595744681
5,2,2,3,5 - 2 - 3,PRICE_2,35,3,-0.627659574,8,-0.517669053,0.070512821,-0.078947368
5,2,3,3,5 - 2 - 3,PRICE_3,123,3,0.308510638,2,1.322932024,0.634615385,2.514285714
5,2,4,3,5 - 2 - 3,PRICE_4,91,3,-0.031914894,3,0.653622541,0.429487179,-0.260162602
5,2,5,3,5 - 2 - 3,PRICE_5,54,3,-0.425531915,4,-0.120266548,0.192307692,-0.406593407
5,2,6,3,5 - 2 - 3,PRICE_6,180,3,0.914893617,1,2.515139539,1,2.333333333
5,2,7,3,5 - 2 - 3,PRICE_7,40,3,-0.574468085,5,-0.413089446,0.102564103,-0.777777778
5,2,8,3,5 - 2 - 3,PRICE_8,38,3,-0.595744681,6,-0.454921289,0.08974359,-0.05
5,2,9,3,5 - 2 - 3,PRICE_9,35,3,-0.627659574,8,-0.517669053,0.070512821,-0.078947368
5,2,10,3,5 - 2 - 3,PRICE_10,31,3,-0.670212766,10,-0.601332738,0.044871795,-0.114285714
5,2,11,3,5 - 2 - 3,PRICE_11,28,3,-0.70212766,11,-0.664080502,0.025641026,-0.096774194
5,2,12,3,5 - 2 - 3,PRICE_12,24,3,-0.744680851,12,-0.747744187,0,-0.142857143
5,3,0,0,5 - 3 - 0,PRICE_0,93,3,0,0,,,0
5,3,1,0,5 - 3 - 0,PRICE_1,113,3,0.215053763,3,0.969169533,0.830985915,0.215053763
5,3,2,0,5 - 3 - 0,PRICE_2,66,3,-0.290322581,8,-0.811324332,0.169014085,-0.415929204
5,3,3,0,5 - 3 - 0,PRICE_3,58,3,-0.376344086,10,-1.114387118,0.056338028,-0.121212121
5,3,4,0,5 - 3 - 0,PRICE_4,54,3,-0.419354839,12,-1.265918511,0,-0.068965517
5,3,5,0,5 - 3 - 0,PRICE_5,89,3,-0.043010753,6,0.059981176,0.492957746,0.648148148
5,3,6,0,5 - 3 - 0,PRICE_6,125,3,0.344086022,1,1.423763712,1,0.404494382
5,3,7,0,5 - 3 - 0,PRICE_7,111,3,0.193548387,4,0.893403837,0.802816901,-0.112
5,3,8,0,5 - 3 - 0,PRICE_8,66,3,-0.290322581,8,-0.811324332,0.169014085,-0.405405405
5,3,9,0,5 - 3 - 0,PRICE_9,58,3,-0.376344086,10,-1.114387118,0.056338028,-0.121212121
5,3,10,0,5 - 3 - 0,PRICE_10,86,3,-0.075268817,7,-0.053667368,0.450704225,0.482758621
5,3,11,0,5 - 3 - 0,PRICE_11,119,3,0.279569892,2,1.196466623,0.915492958,0.38372093
5,3,12,0,5 - 3 - 0,PRICE_12,104,3,0.11827957,5,0.628223899,0.704225352,-0.12605042
5,4,0,2,5 - 4 - 2,PRICE_0,96,0,0,0,,,0
5,4,1,2,5 - 4 - 2,PRICE_1,82,0,-0.145833333,1,1.568461612,1,-0.145833333
5,4,2,2,5 - 4 - 2,PRICE_2,78,0,-0.1875,2,1.288587421,0.909090909,-0.048780488
5,4,3,2,5 - 4 - 2,PRICE_3,73,0,-0.239583333,3,0.938744682,0.795454545,-0.064102564
5,4,4,2,5 - 4 - 2,PRICE_4,69,0,-0.28125,4,0.658870491,0.704545455,-0.054794521
5,4,5,2,5 - 4 - 2,PRICE_5,65,0,-0.322916667,5,0.3789963,0.613636364,-0.057971014
5,4,6,2,5 - 4 - 2,PRICE_6,61,0,-0.364583333,6,0.099122109,0.522727273,-0.061538462
5,4,7,2,5 - 4 - 2,PRICE_7,58,0,-0.395833333,7,-0.110783534,0.454545455,-0.049180328
5,4,8,2,5 - 4 - 2,PRICE_8,54,0,-0.4375,8,-0.390657725,0.363636364,-0.068965517
5,4,9,2,5 - 4 - 2,PRICE_9,49,0,-0.489583333,9,-0.740500463,0.25,-0.092592593
5,4,10,2,5 - 4 - 2,PRICE_10,46,0,-0.520833333,10,-0.950406107,0.181818182,-0.06122449
5,4,11,2,5 - 4 - 2,PRICE_11,42,0,-0.5625,11,-1.230280298,0.090909091,-0.086956522
5,4,12,2,5 - 4 - 2,PRICE_12,38,0,-0.604166667,12,-1.510154488,0,-0.095238095
5,5,0,0,5 - 5 - 0,PRICE_0,90,2,0,0,,,0
5,5,1,0,5 - 5 - 0,PRICE_1,69,2,-0.233333333,8,-0.742298634,0.216666667,-0.233333333
5,5,2,0,5 - 5 - 0,PRICE_2,64,2,-0.288888889,10,-0.971875531,0.133333333,-0.072463768
5,5,3,0,5 - 5 - 0,PRICE_3,56,2,-0.377777778,12,-1.339198566,0,-0.125
5,5,4,0,5 - 5 - 0,PRICE_4,84,2,-0.066666667,7,-0.053567943,0.466666667,0.5
5,5,5,0,5 - 5 - 0,PRICE_5,115,2,0.277777778,3,1.369808819,0.983333333,0.369047619
5,5,6,0,5 - 5 - 0,PRICE_6,85,2,-0.055555556,6,-0.007652563,0.483333333,-0.260869565
5,5,7,0,5 - 5 - 0,PRICE_7,91,2,0.011111111,5,0.267839713,0.583333333,0.070588235
5,5,8,0,5 - 5 - 0,PRICE_8,116,2,0.288888889,1,1.415724198,1,0.274725275
5,5,9,0,5 - 5 - 0,PRICE_9,69,2,-0.233333333,8,-0.742298634,0.216666667,-0.405172414
5,5,10,0,5 - 5 - 0,PRICE_10,63,2,-0.3,11,-1.01779091,0.116666667,-0.086956522
5,5,11,0,5 - 5 - 0,PRICE_11,116,2,0.288888889,1,1.415724198,1,0.841269841
5,5,12,0,5 - 5 - 0,PRICE_12,94,2,0.044444444,4,0.405585851,0.633333333,-0.189655172
5,6,0,1,5 - 6 - 1,PRICE_0,107,0,0,0,,,0
5,6,1,1,5 - 6 - 1,PRICE_1,96,0,-0.102803738,6,-0.409247001,0.085106383,-0.102803738
5,6,2,1,5 - 6 - 1,PRICE_2,91,0,-0.14953271,7,-0.453094894,0.073286052,-0.052083333
5,6,3,1,5 - 6 - 1,PRICE_3,87,0,-0.186915888,9,-0.488173209,0.063829787,-0.043956044
5,6,4,1,5 - 6 - 1,PRICE_4,83,0,-0.224299065,11,-0.523251523,0.054373522,-0.045977011
5,6,5,1,5 - 6 - 1,PRICE_5,134,0,0.252336449,5,-0.076003015,0.174940898,0.614457831
5,6,6,1,5 - 6 - 1,PRICE_6,193,0,0.803738318,2,0.441402123,0.314420804,0.440298507
5,6,7,1,5 - 6 - 1,PRICE_7,483,0,3.514018692,1,2.984579916,1,1.502590674
5,6,8,1,5 - 6 - 1,PRICE_8,162,0,0.514018692,3,0.169545186,0.241134752,-0.664596273
5,6,9,1,5 - 6 - 1,PRICE_9,146,0,0.364485981,4,0.029231929,0.203309693,-0.098765432
5,6,10,1,5 - 6 - 1,PRICE_10,87,0,-0.186915888,9,-0.488173209,0.063829787,-0.404109589
5,6,11,1,5 - 6 - 1,PRICE_11,90,0,-0.158878505,8,-0.461864473,0.070921986,0.034482759
5,6,12,1,5 - 6 - 1,PRICE_12,60,0,-0.439252336,12,-0.724951831,0,-0.333333333
5,7,0,1,5 - 7 - 1,PRICE_0,109,1,0,0,,,0
5,7,1,1,5 - 7 - 1,PRICE_1,95,1,-0.128440367,6,-0.463277102,0.158415842,-0.128440367
5,7,2,1,5 - 7 - 1,PRICE_2,91,1,-0.165137615,7,-0.525219445,0.138613861,-0.042105263
5,7,3,1,5 - 7 - 1,PRICE_3,86,1,-0.211009174,8,-0.602647373,0.113861386,-0.054945055
5,7,4,1,5 - 7 - 1,PRICE_4,81,1,-0.256880734,10,-0.680075301,0.089108911,-0.058139535
5,7,5,1,5 - 7 - 1,PRICE_5,77,1,-0.293577982,11,-0.742017643,0.069306931,-0.049382716
5,7,6,1,5 - 7 - 1,PRICE_6,143,1,0.311926606,4,0.280031006,0.396039604,0.857142857
5,7,7,1,5 - 7 - 1,PRICE_7,203,1,0.862385321,3,1.209166142,0.693069307,0.41958042
5,7,8,1,5 - 7 - 1,PRICE_8,265,1,1.431192661,1,2.169272449,1,0.305418719
5,7,9,1,5 - 7 - 1,PRICE_9,204,1,0.871559633,2,1.224651728,0.698019802,-0.230188679
5,7,10,1,5 - 7 - 1,PRICE_10,106,1,-0.027522936,5,-0.292935661,0.212871287,-0.480392157
5,7,11,1,5 - 7 - 1,PRICE_11,63,1,-0.422018349,12,-0.958815841,0,-0.405660377
5,7,12,1,5 - 7 - 1,PRICE_12,85,1,-0.220183486,9,-0.618132958,0.108910891,0.349206349
5,8,0,3,5 - 8 - 3,PRICE_0,110,1,0,0,,,0
5,8,1,3,5 - 8 - 3,PRICE_1,98,1,-0.109090909,4,-0.2222552,0.154411765,-0.109090909
5,8,2,3,5 - 8 - 3,PRICE_2,93,1,-0.154545455,6,-0.346884284,0.117647059,-0.051020408
5,8,3,3,5 - 8 - 3,PRICE_3,149,1,0.354545455,2,1.048961458,0.529411765,0.602150538
5,8,4,3,5 - 8 - 3,PRICE_4,134,1,0.218181818,3,0.675074206,0.419117647,-0.100671141
5,8,5,3,5 - 8 - 3,PRICE_5,81,1,-0.263636364,10,-0.645994086,0.029411765,-0.395522388
5,8,6,3,5 - 8 - 3,PRICE_6,213,1,0.936363636,1,2.644213735,1,1.62962963
5,8,7,3,5 - 8 - 3,PRICE_7,77,1,-0.3,12,-0.745697353,0,-0.638497653
5,8,8,3,5 - 8 - 3,PRICE_8,98,1,-0.109090909,4,-0.2222552,0.154411765,0.272727273
5,8,9,3,5 - 8 - 3,PRICE_9,92,1,-0.163636364,7,-0.371810101,0.110294118,-0.06122449
5,8,10,3,5 - 8 - 3,PRICE_10,87,1,-0.209090909,8,-0.496439185,0.073529412,-0.054347826
5,8,11,3,5 - 8 - 3,PRICE_11,83,1,-0.245454545,9,-0.596142452,0.044117647,-0.045977011
5,8,12,3,5 - 8 - 3,PRICE_12,78,1,-0.290909091,11,-0.720771536,0.007352941,-0.060240964
5,9,0,3,5 - 9 - 3,PRICE_0,94,3,0,0,,,0
5,9,1,3,5 - 9 - 3,PRICE_1,47,3,-0.5,5,-0.31920395,0.135338346,-0.5
5,9,2,3,5 - 9 - 3,PRICE_2,87,3,-0.074468085,2,0.744809217,0.436090226,0.85106383
5,9,3,3,5 - 9 - 3,PRICE_3,85,3,-0.095744681,3,0.691608558,0.421052632,-0.022988506
5,9,4,3,5 - 9 - 3,PRICE_4,61,3,-0.35106383,4,0.053200658,0.240601504,-0.282352941
5,9,5,3,5 - 9 - 3,PRICE_5,162,3,0.723404255,1,2.739833904,1,1.655737705
5,9,6,3,5 - 9 - 3,PRICE_6,41,3,-0.563829787,8,-0.478805925,0.090225564,-0.74691358
5,9,7,3,5 - 9 - 3,PRICE_7,47,3,-0.5,5,-0.31920395,0.135338346,0.146341463
5,9,8,3,5 - 9 - 3,PRICE_8,43,3,-0.542553191,7,-0.425605267,0.105263158,-0.085106383
5,9,9,3,5 - 9 - 3,PRICE_9,39,3,-0.585106383,9,-0.532006583,0.07518797,-0.093023256
5,9,10,3,5 - 9 - 3,PRICE_10,35,3,-0.627659574,10,-0.6384079,0.045112782,-0.102564103
5,9,11,3,5 - 9 - 3,PRICE_11,32,3,-0.659574468,11,-0.718208888,0.022556391,-0.085714286
5,9,12,3,5 - 9 - 3,PRICE_12,29,3,-0.691489362,12,-0.798009875,0,-0.09375
5,10,0,0,5 - 10 - 0,PRICE_0,100,3,0,0,,,0
5,10,1,0,5 - 10 - 0,PRICE_1,73,3,-0.27,8,-0.769992396,0.236842105,-0.27
5,10,2,0,5 - 10 - 0,PRICE_2,66,3,-0.34,10,-1.032916629,0.144736842,-0.095890411
5,10,3,0,5 - 10 - 0,PRICE_3,107,3,0.07,6,0.507068163,0.684210526,0.621212121
5,10,4,0,5 - 10 - 0,PRICE_4,92,3,-0.08,7,-0.056340907,0.486842105,-0.140186916
5,10,5,0,5 - 10 - 0,PRICE_5,131,3,0.31,1,1.408522676,1,0.423913043
5,10,6,0,5 - 10 - 0,PRICE_6,114,3,0.14,3,0.769992396,0.776315789,-0.129770992
5,10,7,0,5 - 10 - 0,PRICE_7,108,3,0.08,5,0.544628768,0.697368421,-0.052631579
5,10,8,0,5 - 10 - 0,PRICE_8,129,3,0.29,2,1.333401467,0.973684211,0.194444444
5,10,9,0,5 - 10 - 0,PRICE_9,73,3,-0.27,8,-0.769992396,0.236842105,-0.434108527
5,10,10,0,5 - 10 - 0,PRICE_10,63,3,-0.37,11,-1.145598443,0.105263158,-0.136986301
5,10,11,0,5 - 10 - 0,PRICE_11,55,3,-0.45,12,-1.446083281,0,-0.126984127
5,10,12,0,5 - 10 - 0,PRICE_12,111,3,0.11,4,0.657310582,0.736842105,1.018181818
